{
    "expression":{
        "0":{
            "left":{"type":"NON-TERM","name":"E'"},
            "right":[{"type":"NON-TERM","name":"E"}]
        },
        "1":{
            "left":{"type":"NON-TERM","name":"E"},
            "right":[{"type":"NON-TERM","name":"E"},
                {"type":"ADD_OP"},
                {"type":"NON-TERM","name":"T"}]
        },
        "2":{
            "left":{"type":"NON-TERM","name":"E"},
            "right":[{"type":"NON-TERM","name":"T"}]
        },
        "3":{
            "left":{"type":"NON-TERM","name":"T"},
            "right":[{"type":"NON-TERM","name":"T"},
                {"type":"MULTI_OP"},
                {"type":"NON-TERM","name":"F"}]
        },
        "4":{
            "left":{"type":"NON-TERM","name":"T"},
            "right":[{"type":"NON-TERM","name":"F"}]
        },
        "5":{
            "left":{"type":"NON-TERM","name":"F"},
            "right":[{"type":"LEFT_PARENTHESE"},
                {"type":"NON-TERM","name":"E"},
                {"type":"RIGHT_PARENTHESE"}]
        },
        "6":{
            "left":{"type":"NON-TERM","name":"F"},
            "right":[{"type":"ID"}]
        }
    },
    "ACTION":{
        "0":{
            "ID":"S5",
            "LEFT_PARENTHESE":"S4"
        },
        "1":{
            "ADD_OP":"S6",
            "$":"acc"
        },
        "2":{
            "ADD_OP":"r2",
            "MULTI_OP":"S7",
            "RIGHT_PARENTHESE":"r2",
            "$":"r2"
        },
        "3":{
            "ADD_OP":"r4",
            "MULTI_OP":"r4",
            "RIGHT_PARENTHESE":"r4",
            "$":"r4"
        },
        "4":{
            "ID":"S5",
            "LEFT_PARENTHESE":"S4"
        },
        "5":{
            "ADD_OP":"r6",
            "MULTI_OP":"r6",
            "RIGHT_PARENTHESE":"r6",
            "$":"r6"
        },
        "6":{
            "ID":"S5",
            "LEFT_PARENTHESE":"S4"
        },
        "7":{
            "ID":"S5",
            "LEFT_PARENTHESE":"S4"
        },
        "8":{
            "ADD_OP":"S6",
            "RIGHT_PARENTHESE":"S11"
        },
        "9":{
            "ADD_OP":"r1",
            "MULTI_OP":"r7",
            "RIGHT_PARENTHESE":"r1",
            "$":"r1"
        },
        "10":{
            "ADD_OP":"r3",
            "MULTI_OP":"r3",
            "RIGHT_PARENTHESE":"r3",
            "$":"r3"
        },
        "11":{
            "ADD_OP":"r5",
            "MULTI_OP":"r5",
            "RIGHT_PARENTHESE":"r5",
            "$":"r5"
        }
    },
    "GOTO":{
        "0":{
            "E":"1",
            "T":"2",
            "F":"3"
        },
        "4":{
            "E":"8",
            "T":"2",
            "F":"3"
        },
        "6":{
            "T":"9",
            "F":"3"
        },
        "7":{
            "F":"10"
        }
    }
}