<ID>int</ID>
<ID>a</ID>
<ASSIGN_OP>=</ASSIGN_OP>
<INTEGER_DEC>10</INTEGER_DEC>
<COMMA>,</COMMA>
<ID>b</ID>
<ASSIGN_OP>=</ASSIGN_OP>
<INTEGER_DEC>12</INTEGER_DEC>
<SEMICOLON>;</SEMICOLON>
<ID>int</ID>
<ID>c</ID>
<SEMICOLON>;</SEMICOLON>
<IF>if</IF>
<LEFT_PARENTHESE>(</LEFT_PARENTHESE>
<ID>a</ID>
<ADD_OP>+</ADD_OP>
<ID>b</ID>
<GREATER_OP>></GREATER_OP>
<INTEGER_DEC>20</INTEGER_DEC>
<RIGHT_PARENTHESE>)</RIGHT_PARENTHESE>
<LEFT_BRACE>{</LEFT_BRACE>
<ID>c</ID>
<ASSIGN_OP>=</ASSIGN_OP>
<INTEGER_DEC>1</INTEGER_DEC>
<SEMICOLON>;</SEMICOLON>
<RIGHT_BRACE>}</RIGHT_BRACE>
<ELSE>else</ELSE>
<LEFT_BRACE>{</LEFT_BRACE>
<ID>c</ID>
<ASSIGN_OP>=</ASSIGN_OP>
<STRING>"OK!"</STRING>
<SEMICOLON>;</SEMICOLON>
<RIGHT_BRACE>}</RIGHT_BRACE>