{
    "tokenList": [
        {
            "type": "ID",
            "literal": "int"
        },
        {
            "type": "ID",
            "literal": "a"
        },
        {
            "type": "ASSIGN_OP",
            "literal": "="
        },
        {
            "type": "INTEGER_DEC",
            "literal": "10"
        },
        {
            "type": "COMMA",
            "literal": ","
        },
        {
            "type": "ID",
            "literal": "b"
        },
        {
            "type": "ASSIGN_OP",
            "literal": "="
        },
        {
            "type": "INTEGER_DEC",
            "literal": "12"
        },
        {
            "type": "SEMICOLON",
            "literal": ";"
        },
        {
            "type": "ID",
            "literal": "int"
        },
        {
            "type": "ID",
            "literal": "c"
        },
        {
            "type": "SEMICOLON",
            "literal": ";"
        },
        {
            "type": "IF",
            "literal": "if"
        },
        {
            "type": "LEFT_PARENTHESE",
            "literal": "("
        },
        {
            "type": "ID",
            "literal": "a"
        },
        {
            "type": "ADD_OP",
            "literal": "+"
        },
        {
            "type": "ID",
            "literal": "b"
        },
        {
            "type": "GREATER_OP",
            "literal": ">"
        },
        {
            "type": "INTEGER_DEC",
            "literal": "20"
        },
        {
            "type": "RIGHT_PARENTHESE",
            "literal": ")"
        },
        {
            "type": "LEFT_BRACE",
            "literal": "{"
        },
        {
            "type": "ID",
            "literal": "c"
        },
        {
            "type": "ASSIGN_OP",
            "literal": "="
        },
        {
            "type": "INTEGER_DEC",
            "literal": "1"
        },
        {
            "type": "SEMICOLON",
            "literal": ";"
        },
        {
            "type": "RIGHT_BRACE",
            "literal": "}"
        },
        {
            "type": "ELSE",
            "literal": "else"
        },
        {
            "type": "LEFT_BRACE",
            "literal": "{"
        },
        {
            "type": "ID",
            "literal": "c"
        },
        {
            "type": "ASSIGN_OP",
            "literal": "="
        },
        {
            "type": "STRING",
            "literal": "\"OK!\""
        },
        {
            "type": "SEMICOLON",
            "literal": ";"
        },
        {
            "type": "RIGHT_BRACE",
            "literal": "}"
        }
    ]
}